"idx";"site";"title";"content";"evaluation"
60;"네비인사이드";"아이로드 3300ch 2채널.. 사용후 탈모증상 생김ㅋ";"디자인/사이즈/성능/사용편의성 : 디자인은 이쁨/사이즈크기 적당함/성능은 아주 떨어짐/
사용편의성: 제로
포장배송상태 : 포장은 그럭저럭
그  외 도움이 될 만한 사용후기 : 사지마세요... 후회하십니다...
상시녹화 지멋대로 녹화되고 제일 중요한 주차모드 녹화 안됩니다!!!
(몇일전 주차장 cctv로 주차테러 간신히 잡았네요!! 블박이 왜달려있었는지... 매우궁금합니다)
전방화질은 hd급으로 좋으나 후방카메라는 형체를 알아볼 수 없을만큼 아주 저질이구요...

1.음성녹음 안되고 후방카메라 화질저질 기기2개 교환 1번
2.상시녹화 지멋대로 녹화했다 말았다해서 기기교환 2번 (후방 화질역시나 기기교환받아도똑같음//그래서 후방은 포기!!)
3.제일 중요한 주차모드녹화 아예안되서 기기교환 3번...

기기교환이나 a/s 해줄때 고객한테 전화통보 한번 한적없음...

땠다 붙였다... 환장합니다!!!
음성녹음시 차량에 음악 볼륨을 8이상을 못올림.. 8이상올리면
음성녹화 재생시 완전 찢어지는 소리 납니다

비슷한 가격대로 타제품을 구매해서 장착해보았는데... 엄청나게 좋더군요!!!
이건뭐... 완전 저질입니다!!!
기기설정 (화질이라던지 음성이나 충격센서 주차모드진입시간 등등등...)

설정해도 초기화되어있습니다!

기기설정 무한 반복하게 만드는 기능이있습니다! 인내력이 좋으신분은 10번이든 100번이든

설정해보세요... 안되는건 안되는겁니다 ㅎㅎ

환불처리도 이곳저곳 전화를 직접 본인이 다 해야되고... 전화할때마다 서로 모르는 일이라고...

했던 설명 또해야되고... 처음구매시 주유상품권2만원이나 설치비 지원선택 해서 사은품받았는데... 환불할땐 전부다 돌려줘야 된다고 하네요...

설치비만 날렸네요 오전부터 환불건에 대해 전화를 수도없이 했는데...
아직까지 깜깜무소식.. 또 내가 전화해야겠네요... 아... 뭐 이래...
요약하자면.. 같은 가격대에 블랙박스 중에서 제일 문제많고 제일 성능안좋고
제일 서비스안좋습니다!!! 괜히 구매했다가 환불 교환 받을때.. 후회하실거에요

네이버에 3300ch 검색하시면... 여러문제점들이 있는데요...(사고나서 문제점을 보게됐네요;)
참고하세요 짜증제대로 납니다... 환불건만 제대로 빨리 처리만해줬어도 이런글
안적는데... 화요일부터 (수요일 선거) 금요일 오늘 오전부터 해서 연락한통없고 ㅎ
옥션측으로 연락해서 오후에 겨우 환불완료 됐네요... 힘... 들..... 다.....
고생이란 고생은 다해놓고.... 된장.....
확인...확인...확인... 확인후에... 전화...전화드리겠습니다... 전화드리겠습니다...
어떤내용때문에 전화주셨나요?? 어떤내용때문에 전화주셨나요??  또어떤내용때문에 전화주셨나요??

짜증 게이지 만프로.... 상승합니다!!! 전화걸어서 통화한것만 80분 가량되네요...

지들이 전화한건 1분이내에 전화통화 완료 (확인 후 전화드리겠습니다.. 딱 1번하드만 ;;)

이상입니다 불평불만 처음 써보고 그리고 이런 블랙박스도 처음 써보네요";"negative"
61;"네비인사이드";"파인뷰 CR-300HD 기기에 문제가 있는 것 같은데..";"얼마전에 CR-300HD 블랙 박스가 몇일 녹화 되다가 그 이후로 녹화 영상이 없어 A/S를 보내어서 수리해 왔는데

오늘 다시 확인하니 또 녹화가 안되고 있는 증상이 나오네요..

그렇다고 블랙 박스는 분명 작동하고 있다고 나오는데 실제 PC에서 확인하면 영상이 전혀 없네요..

그런데 CR-300HD를 다른 차량에 장착한 것도 확인했는데 녹화 누락이 생기고 있네요...

이것도 다른 문제로 A/S를 받아 왔는데 영상 누락이라는 증상이 생긴 것이 확인되네요..

메모리 카드로 파인뷰꺼로 해 보고 삼성 메모리 카드로 해 보았는데도 동일 증상이 나오네요..

이건 분명 기기 문제인데 수리를 받았는데도 이러면 믿음이 전혀 가질 않네요..

사고라도 나면 무용지물이나 다름 없는 블랙 박스일 수 밖에 없네요...

다시 수리를 보내야할 것 같은데... 이거 3번 수리해서 동일 증상나오면 교환 요구해야겠습니다..

중요 부위 동일 3회이상이면 교체해 주어야 하는 걸로 알고 있는데...

파인뷰 제품 이거 심각한 문제라고 생각 되는데.... 일단 담 주에 출국 문제로 A/S 못보내고 그 담 주에 보내야

되겠네요... 다시 메모리 카드 포맷하고 증상을 한번 더 봐야겠네요";"negative"
62;"네비인사이드";"아이패스 200HD 100HD 아이트로닉스";"요즘 1채널 두개로 전 후방으로 많이 다실겁니다.
그래서 아이트로닉스에서 200HD 100HD 묶음으로 구입후 아는분 통해 장착했습니다
200HD 100HD 확인해본결과 성능은 괜찮습니다 


하지만 확인결과 선이 똑같은 3m.... 즉 100HD 는 과거 모델이고 200HD는 최근모델이니깐 
떨이판매인지는 모르겠는데  이렇게 되면 후방에서 퓨즈박스까지 올 선이 짧아서 
장착이 불가능합니다 
준중형은 겨우 될지 모르겠는데..

5m선을 따로 구입하여야 하거나
선을 중간에 짤라서 모 배선작업하면 되지만 개인 이나 깔끔하게 처리하고 싶으신분은 
사양하겠죠 

소소한 부분이지만 통화해본바 제조사나 판매처에서 이러한 부분을 충분히 인지하고 있었지만
연장선을 만들려면 금형이 또 만들어야되고 이러쿵 저러쿵 이야기 하시던데..

소비자가 알아서 잘~ 하겠지라는 생각은 버렸으면 좋겠습니다

고객은 세심한 부분에 감동을 하는법이거든요  

 ";"negative"
63;"네비인사이드";"정말 이런 회사의 제품이면 그 누구에게도 추천하지 않겠습니다.";"밑에 글에 이어 오늘 결국 제가 머리 끝까지 화가 나서 본사로 직접 전화를 걸었습니다.
일주일이 넘었지만 단 한통의 전화도 오지 않았고, 불스아이 게시판의 내용 조차 확인하지 않았으며
1:1 문의 조차 보지 않았다는 것을 확인했습니다.

이더테크놀로지라는 회사의 제품 이미지는 저에게는 절대 구매해서는 안될 회사가 되었습니다.
일주일 동안 제품 AS 관련 문의로 전화를 2번하고 재대로 된 연락을 받지 못한 것에 대한 항의로 오늘까지
추가로 두번을 더 했습니다. 총 4번을 한거죠.
도대체가 고객센터라는 곳에서 하는 일이 뭔지 모르겠더군요. 센테에서는 본사에 전달하는 역할 밖에는
안한다는 말을 듣고 제가 뭐라고 하겠습니까? 받을 때마다 사람이 바뀌니 했던 말 또 하고 또 하고...
그 쪽에서는 분명 본사에 전달했다는데 본사에 전화를 걸어보니 전혀 전달 받지 못했다는 말만 되풀이하고..
아.. 정말 오늘 성질이 머리 끝까지 나서 정말 참느라 힘들었네요.

제품 AS 하나 접수하는 일이 이렇게 힘든겁니까? 고객센터와 본사가 이렇게 소통이 안되는 회사 제품을
누구한테 추천을 하겠습니까? 한쪽은 분명히 두번이나 전달했다고만 하고 한 쪽은 전혀 모른다고 하면...
저 혼자 이쪽 저쪽에 전화 걸고 스트레스 받아가며 연락 기다리고 쇼 한걸까요?

고객센터에서는 본사 전화 번호도 엉뚱한 곳을 알려준 덕분에 로드스캔에 전화해서 따질뻔 했습니다.
나 참.. 정말 어이가 없어서...

고객센터는 전달했다고 하는데 본사는 전혀 못받았다.. 못받았다 친다고해도 불스아이 본사는 뭐하는 곳일까요?
게시판에도 이런 증상이 있다고 글도 남기고 답변이 없길래 1:1 문의까지 했습니다.
담당자는 뭐라는지 아십니까? 확인을 못했답니다. 일주일이 넘도록 자기네들이 만든 홈페이지에 
한번도 안들어가보고 관리도 안하고 있었다는 소리죠.
 
결국 메일로 영상을 보내라더군요. 게시판에 글까지 써놨는데 말이죠... 
더 말하기 짜증나서 메일로 다시 보냈습니다. 전화가 왔습니다.
원래 15 프레임이여야 하는데 제 블랙박스는 5프레임으로 되어 있다며... 왜그런지 모르겠다며..

불스아이 제품은 체험단으로 리뷰를 썼던 제품입니다. 
리뷰 때 분명히 저장 영상에 문제가 있다는 글을 썼었습니다. 분명 이상했지만 원래 프레임수가 낮아서 그런가
싶어 펌웨어 업그레이드를 기다렸습니다. 하지만 같은 체험단의 다른 분들 영상을
보니 제것과는 확연히 다르더군요.. 체험단이 끝나고 계속 확인을 했지만 계속 증상은 똑같았습니다.
첫번째 펌웨어가 11월 1일 올라와있지만 제 증상과는 상관없는 업데이트라 보내기로했습니다.

이런 회사의 제품을 누구한테 추천하겠습니까?";"negative"
64;"네비인사이드";"불스아이 고객센터 A/S는 정말 엉망이군요...";"불스아이 ETK-B3500 제품을 사용 중에  야간 저장영상이 너무 심하게 끊겨 도저히 확인 할 수 없을 지경이라
홈페이지에 글도 남기고 1:1 문의도 하고 고객센터로 두번이나 전화를 걸었는데 6일이 다 되어가는데
여전히 깜깜무소식이네요...

제품만 만들면 뭐합니까..
고객의 문의를 이렇게 씹어 삼키면 절대 좋은 평가를 받을 수가 없겠죠..

고객센터에만 두번 전화했습니다. 빠른 답변을 주겠다더니 담당자는 6일이 다되도록
아무 연락도 없고 불스아이 홈페이지에 1:1 답변도 없습니다.

고객센터에서 전달을 분명히 했을텐데 본사쪽에서 무시를 하는건지 모르겠으나
이런 식으로 응대를 한다면 이 회사 제품 알만하네요.
일주일이 다 되어가니 다음주에 본사로 직접 전화를 걸어 담당자가 누군지 좀 따져야겠습니다.";"negative"
65;"네비인사이드";"알바트로스 우울한 사용기...";"여자친구가 2월달에 새차를 구입하였습니다.
새차니까 당연 블랙박스가 필요했고 저보고 추천해달라고 하더군요.
웹서핑을 하다가 바로 이놈을 봤죠.
유선형 디자인에 하이그로시처리되어 외관이 깔끔하였고 UI또한 그때당시 가장 이뻤구요.
성능은 2채널에 300만화소의 HD, LCD일체형!!!
한마디로 딱이다! 했습니다.
비싼돈을 주고 구입했죠. 32GB메모리로...
장착점에서 장착을 하고...ㅠㅠ
일단 화질은 그리 뛰어나진 않았습니다.
제차에는 블랙뷰30만화소짜리가 있었는데... 그것과 비교하면 좋기는 합니다.
하지만 일반 폰캠 HD와 비교하면 솔직히 딸림니다.
그리고 밤에는 안보이고요. 참고로 밤에는 대부분의 블박이 안보입니다.
빛이 없으니 감지해서 촬영해도 딱히 보이는건 없죠^^... 이건 어쩔수없는 부분이죠...
뭐 화질은 솔직히 실망스러웠지만 큰 문제없이 사용했습니다.
그런데 약 3개월 전부터 리부팅 현상이 발생되었습니다.
(참고로 리부팅시간은 1분 이상입니다. 보고있으면 답답해요ㅠㅠ)
혹시나 메모리 이상일까해서 최신버젼으로 업해보고 포맷해보고
메모리는 삼성, 샌, 트랜샌드 3개 가지고 있는데 번갈아 가면서 해봤지만 역시 동일증상이었습니다.
(참고로 메모리는 정상적으로 포맷되었고 PC나 스마트폰에서 사용하는데 아무런 이상 없습니다.)
그래서 A/S를 보냈죠.
이틀후 유라이브에서 연락이 왔는데 그러더군요.
제품이상없다고. 고객님 메모리 불량이라고.
저는 IT를 20여년 한 사람으로서 그정도의 테스트 충분히 보았기 때문에 납득이 되지 않았습니다.
잠시후 말을 바꾸더군요.
불량이 아니라 호환성이 떨어진다고!
그래서 대부분 사람들이 사용하는 메모리가 삼성이나 샌이나 트랜샌드 많이 사용하지 않냐고 물었습니다.
그랬더니 그쪽에서 자기네 전용 메모리 사용하라고 하더군요.
가격을 물었더니 일반 메모리보다 상당히 비쌌습니다. 오래되서 금액은 기억이...
다시 제가 물었죠
그럼 구입당시에 삼성, 샌, 트랜 호환성 떨어진다고 써 놔야 되는거 아니냐고!
그랬더니 그 엔지니어가 짜증 내면서 써 있습니다!!! 라고 하더라구요.
(저는 아직도 그 문구를 찾진 못했구요.)
고객응대하는데 있어서 제가 왕 대접을 해달한것도 아닌데 마치 기계가 문제 없는데 왜 보냈냐는 식으로 따지며 얘기 해서
제가 말하는게 너무 예의가 없어 지금부터 녹음할께요라고 말을 했더니.
팍! 전화 끊어버리더라구요.
너무화가나 제가 그쪽으로 전화했더니 확인하고 연락주신다고 하더군요.
잠시후 팀장이라는 사람한테 연락이 왔습니다.
왜 전화 끊었냐고 하니까 그 팀장이라는 분이 끊은게 아니라 끊긴겁니다라고 말씀을 하시더군요.
타이밍 참 절묘하죠.ㅋㅋㅋ
역시 같은 말씀하시더군요. 저는 혹시 모르니 제품을 바꿔달라했죠.
그래서 제품바꿔 왔는데 이번엔 리부팅 기본제공에, 화면흐림현상, 안 켜지는 증상 까지 3가지 증상이 나타나더군요.
저는 현재 워런티 남아있는 기계를 그냥 사용하고 있습니다.
또 메모리 불량이고 할까봐요.
차라리 메모리를 살까도 고민했지만 메모리가 3개나 있고 3개모두 고장도 안났는데 또 구입해야 된다는게 납득이 되질 않았습니다.
비싼돈주고 산거라 자랑도 하고 싶었지만 좋은 사용기를 올릴수가 없어서 이런 망연자실한 사용기만 올립니다.";"negative"
66;"네비인사이드";"로드캠 제품 잘아시는분들 도와주세요! WHD2500";"A/S만 벌써 몇번째 인지 모르겠습니다. 영상 한번봐주세요.

이거 왜그런겁니까?

진짜 미치겠네요...

아침에는 정상적으로 녹화됬다가 지금 영상보니까 저렇게 영상이 녹화되구있구요

저거 뭐때매 저런현상 일어나는건지 알수 있을까요..?

제품 화질은 만족스러웠는데 또저러니까 미치겠네요.


로드캠 WHD2500 모델입니다. 


프레임은 또 왜 30프레임 지원인데 23 프레임에서 고정이되는지 알수 없네요..

저번에는 30프레임 정상적으로 지원하던데..
     


      ";"negative"
67;"네비인사이드";"녹화가 안되는 문제 관련";"저번에 9월에 확인 했을때 영상 녹화가 안되어서 이상했는데 그때 SD 카드를 포맷하고 잠시 운행해서 영상을

확인하니 녹화가 잘되길레 잠시 순간 적으로 문제가 있었나 그렇게 생각하고 지냈는데....

오늘 시간이나서 SD 카드도 확인할겸 해서 내용을 보는데...

헐...9월 11,12일 영상만 있고 이후로 녹화 영상이 하나도 없네요..

A/S 전화해서 상담을 했는데 S/D 카드 문제 아니면 기기 문제인데 일단 삼성 SD 32GB를 장착하고 있는지라...

기존에 들어 있던 메모리를 꽂아서 사용해 보라고 해서 일단 그렇게 해 볼려고 다시 장착해 두었는데...

분명 SD 메모리는 32GB를 모두 사용하지 않고 용량이 남아 있는데...

기기에는 충격감지나 그럴때 정상 작동되는 소리가 나오고 영상은 없고 이거 사고라도 발생했으면

큰일 날 뻔 했습니다...

이런 문제에 대한 블랙 박스 대책이 시급한 듯 합니다.... 몇일 TEST 다시해 보기로 했는데...

이 제품이 많이 구입하신 제품인데 불안 불안 하네요..";"negative"
68;"네비인사이드";"블랙캠 TK-5000 교환 후기";"아래 글에 첨부한 사진에 Serial No.까지 없었다는 사실을 더하여
제조사 홈페이지에 올렸고, 고객센터에 전화해서 일단 교환 받았습니다.
하루만에 교품이 도착했고, 오늘 받자마자 퇴근길에 테스트해봤습니다.
역시 먼저 받은 제품은 불량임이 확실했습니다.
야간인데도 이전의 주간화질 보다 우수했으니까요.
↓ 교환 전

↓ 교환 후

여기까진 일단 만족.

집에 도착해서는 주차장에 차를 세우고 모션감지모드를 작동하고 테스트를 해봤습니다.
그러나...
사람이 지나가도 감지를 못하는 것입니다.
혹시나 해서 렌즈 앞에서 차열쇠를 움직여봤는데 감지를 못 했습니다.
그 다음엔 아예 렌즈 앞에서 손가락을 움직여봤는데 인지를 못 했습니다.
아예 렌즈를 가려줬더니 그제야 녹화가 시작됐습니다.
이 지경이면 모션감지 녹화기능은 무용지물이라고 생각합니다.
그래서 내일 환불을 할 생각입니다.

모션감지 기능 실험(1분영상)
※ 59초부터 LCD화면 상단에 REC문구가 점멸하며 녹화가 시작됩니다.";"negative"
69;"네비인사이드";"블랙캠 TK-5000 영상. 환불할까요?ㅠㅠ";"500만화소. 1280X720 HD. 30fps 촬영
구입 전에 참고한 리뷰영상의 품질은 아주 좋았는데
제가 이틀 전에 구입/설치해서 촬영한 영상은 노이즈도 심하고, 포커스도 안 맞아서
아주 엉망입니다.
제가 설치를 잘못 한 걸까요?
블랙박스 처음 사서 설치하는 거라 잘 모르겠지만, 이 정도면 못 쓸 것 같습니다.
여러분은 어떻게 생각하시나요?
그냥 여기서 공구로 로드캠I-2500 살까요?";"negative"
70;"네비인사이드";"블랙뷰 400g 문제가 많네요.";"이번 봄(3월?)에 400g를 3대와 파워매직프로 2개를 구입했습니다.
제 차에 장착을 한게 아니라 잊고 지내고 있었습니다.
9일에 파워매직이 전원부 고장으로 AS를 보내고..
우연한 기회에 펌웨어 업그레이드를 해줄겸 영상을 보는데 뿌옇게 나오더군요.
한대가 아니라 3대가 전부 다 그러네요ㅋㅋ
거기에 2대는 전원 차단하니 블박이 바로 죽는 증상까지..

1. 전원 불량, 뿌옇게 나옴, gps 불량
2. 전원 불량, 뿌옇게 나옴
3. 뿌옇게 나옴

같이 구입해서 제가 쓰고 있는 300hd 2대는 멀쩡하게 잘 쓰고 있는데 블랙뷰만 100% 고장이네요.
이번에 지인의 블박을 장착해주려는데 블랙뷰는 제외해야겠네요.";"negative"
71;"네비인사이드";"파인뷰500hd.. 녹화가 안되고 있었다.. 헐..";"9월26일 이후로.. 현제 10월5일까지 녹화영상분이 없습니다.
매일 운행하였고, 시동걸면 항상 녹화를 시작하겠습니다. 멘트가 나왔고.. 녹화중인 깜박이는걸 매번 확인했는데..
sd카드에 영상이 없네요... 헐...
시고라도 났으면 이건 뭐 무용지물...
어이가없네요

as문의하니 일단 보내라 하네요.. 대체상품이라도 먼저 보내달라하니 그런거 없다 하고..
신뢰가 안가네요..";"negative"
72;"네비인사이드";"lb200 라이브뷰";"네비 인사이드에서 공구한 lb200 입니다.

공구전 중고나라에서 20만원정도에 기본 모델 공구했던걸 사지않고

중고나라에 나온 중고 제품을 18에 구입하려 했는데 마침 네비인사이드에서 공구 나와 취소하고

구매하였습니다 중고나라보다 더욱 더 저렴하게 구매하였져...

처음 도착을 화요일에 받고 시험삼아 시거짹 케이블에 연결하여 부팅시도 오호~된다 하다

잠시후 전원연결리 해제 되었다고 하며 꺼지고....꺼지고 나니 다시 켜지지 않고...케이블 다시 뽑았다 좀지나고

다시 켜지고...오락가락 하여..문제있다 싶어 본사에 전화하여 상황설명 하고 미리 보내주라고 하니 확인하고

보내준다 하여 참고 기다려 드뎌 1주일만인 수요일에 물건을 받았습니다.

좀 많이 짜증이 났지만서도 그래 함 참아줄게 했져...왜냐하면 물건을 받았으면 연락이 와야 할텐데

제가 전화해서 물건 픽업 예약했냐 픽업을 안해갔다 물건은 받았냐 무슨문제냐 발송은 했냐 일일이 확인을

하였져 그리고 물건 다시 받은 날도 8일후니 짜증이 이만저만이 아니였습니다.....어째거나 다시 받은걸

혼자 이리저리 상시연결하고 선처리하며 설치 했져...이제야 된다 싶어서 테스트... 밤엔 라이트 불빛 비추는곳

말곤 빛 없는 부분은 식별 불가.......그래 밝은곳에 새워두고 밝은곳만 다니니라 다짐하고 설치하고 운행하였져...

작은 방지턱에도 감지 잘하고 녹확 되고 해서 그나마 만족...주간영상은 좋네 하며 영상확인 하고 좋아 했져...

근데... 오늘로 3일째.... 주차모드 잘 안넘어가고(이건 펌웨어 했다는데...) 방지턱 조그만한거 넘을때도 충격감지

해서 이벤트 녹화 하더니만... 편차 심하고... 제일 문제는 낯에 차세워두고 햇볕에 열받으니깐 다운...

머지..이건 본체 렌즈쪽 만지니 완전 뜨거워서 만질수도 없고 전원을 껏다 다시 켜도 안되고 케이블 뽑아도 안

켜지고 시거잭 케이블 꼿아도 안되고 이런 맨붕블박같으니... 이런 불량 없으신지요.. 전 환불 받을까 

생각중입니다.  작은 돈도 아니고 펌웨어 받고 고쳐써가며 사용하고 싶진않네요 사고났을때 영상이라도 저장 안

되면 맨붕X1000000000배 될거 같아서 짜증이 많이 나네여... 함 점검해보세요 뽑기문제인지.. 제품 하자인지...

초기에 그냥 쓰시다간....나중에 환불도 안될테니....모니터 달린 놈으로다가 바꾸던지 돈좀 더 줘야 할것 같아

요.. ㅡㅡ^";"negative"
73;"네비인사이드";"루카스 LK-5900 G마켓과 SK엔나비 이벤트가 말하는 귀찮은 소비자가 저네요.";"문의 하였는데 답글이 어이 없어서 포스팅 합니다.

우선 루카스 LK-5900 구매해서 장착했구요. G마트와 SK엔나비 이벤트 통해 구매했는데 

블박 빼고는 다 형편없습니다.

이벤트에서 2만원 주고 구입한 상시전원은 루카스에서 약 1만 4천 9백원이구요

이벤트에서 2만 5천 주고 구입한 제품은 루카스에서 2만 2천 8백원이네요.

더 황당한건 루카스에선 A-E로 선택 판매하게 되어 있는 AV제품을 이벤트 패키지는 D로 일괄 배송하고 있으며

문의하니 다시 루카스나 네비게이션 회사 가서 AV를 다시 사라고 하네요.

그냥 소비자는 봉입니다. 돈주고 귀찮은... 어떻게 해야 할까요? 소비자원에 고발이라도 할까요?

돈이 문제가 아니라 참 태도가 문제라고 생각합니다.



AV라인 교환 해주세요.

문의 내용 1번

버리고 라인을 새로 사야 하나요? 선택이 없어서 AV라인 D타입으로 보내셨던데 어떻게 해결해야 할까요? 제껀 엑스로드의 V7네비 입니다. 루카스에 문의해 보니 e타입으로 사야 한다고 하네요.

답변 1번

안녕하세요.고객님 현재 기본타입으로 수량은 받아 보내드리고 있으며 케이블은 D타입 3극 A형입니다. 죄송합니다.현재 저의쪽에서 변경을 해드리기는 어려운 상태입니다. 현재 지마켓에서 부분반품이 어려워 현재 구매해주신 부분은 반품신청해주시고 , 제결재를 해주시고 구매확정까지 진행을 해주시면 전에 구매한 부분에 환불처리가 됩니다. 감사합니다.(_._)

추가 문의 1번

케이블을 바꿔 줄 수 없다. 그렇게 말하면 반품하라고 하면 끝인가요? 알겠습니다. 네비가이드에서 추천해줘서 이 제품을 구매했고 G마켓 이벤트와 SK엔나비에서 하는 거라 믿고 샀는데 무책임하네요. 공임비 3만원에 블랙박스 설치하면서 일하지 못한 일비 다 지급해 주실건가요? 올려주신 답글 포스팅 하고 한국소비자원에 이야기 하겠습니다. 감사합니다.

추가 문의 답변 1번

안녕하세요 고객님^^ 불편을드려 죄송합니다. 새로운 직원이 AV케이블에 대해서 잘모르고 고객님께 안내를 드렸습니다. 제가 직접 설명드리겠습니다. AV케이블은 블랙박승에서 네비게이션으로 가기전 단계까지의 선의 있는 부분이십니다. 그리고 네비게이션쪽으로 가는선을 별도로 루카스나 고객님께서 알고계신 자동차 용품점등 별도로 구매하셔서 연결하시면 되시는 부분입니다. 고객님들 마다 네비게이션 사용하시는게 틀리시기 때문에 블랙박스에 대한 부분으로 AV케이블까지 재공이 되는점 말씀드리는 부분입니다. 기분이 안좋으셨다면 제가 다시한번 사과의말씀드리겠습니다. 죄송합니다. 다시한번 양해말씀을 드리겠습니다. 감사합니다.

이렇게 보내주셨습니다. 추가 문의 2번 하겠습니다.

추가 문의 2번

SK엔나비에서는 AV라인+CPL+리더기를 총 25,000원에 판매하고 있습니다.
이 제품은 루카스 싸이트에서
AV (3,900원) + CPL (15,000원) + 리더기 (3900원) 총 합산 22,800원에
판매하는 제품을 SK엔나비가 25,000원에 묶음 판매 하는 제품으로
기본 타입으로 받아서 보낸다고 답변 1에 이야기 했습니다.
그리고 추가 문의 답변 1번에서 네비게이션으로 가기전 까지의 선이 있는 부분이며 그 부분부터 네비까지 선을 별도 구매하면 된다고 하셨죠?

제가 기분이 나쁜 부분은 SK엔나비에서 2,200원 비싸게 파는 패키지를
구입했는데 AV선의 타입을 선택해서 배송해 줄 수 있음에도 불구 하고
모르쇠로 일관하여 D타입을 보내주고서는 자동차 용품점에서
네비로 가는 선을 별도로 구입해야 한다는 말을 듣는다는 것입니다.
그것도 루카스에서 받아서 보내는 AV라인을 말입니다.

처음부터 E타입을 선택할 수 있게 해주었다면 SK엔나비에서도
같은 제품을 두번 구매 할 필요도 없을거라고 생각합니다.
저와 같은 생각을 하는 분들이 많을것 같고 돈과 관련없이
답변은 포스팅 할 테니 성실한 답변 부탁드립니다.
 추가 문의 답변 2
 안녕하세요 고객님

가격부분에 대해서만 우선 말씀드리겠습니다.
홈페이지와 쇼핑몰옵션등은 각 싸이트마다 판매정책이
다르기에 상이 할수있는 부분입니다.

또한 엔나비에서 진행하는 루카스 제품은 상품평이벤트를 통해
리더기와 CPL필터를 무상으로 제공해드리고 있습니다.
대부분의 고객님들은 상품평이벤트 참여로 말씀하신 사은품들을 대부분 무상으로 받고 계시며
옵션은 상품평 작성하시기 귀찮으신분들이나 그냥 한번에 구매를 원하시는 분들이 계시기에 옵션으로 남아있습니다

AV케이블은 블랙박스부분에 연결되는 기본이며
Av케이블과 네비게이션을 연결하는 RCA케이블들은 네비게이션 제조사별로 다르기에 함께 블랙박스를 판매하는 대부분의 업체에서도 AV케이블만 판매가 되는 경우가 많습니다

모든 내비게이션의 조합을 준비할수 없기에 저희가 판매되는 제품의 기본 AV케이블만 판매가 되고 있습니다.

여러가지로 언짢게 해드리려한 의도는 아니었기에 양해부탁드립니다
감사합니다.
 
 < 이곳에서 구매했네요
 ";"negative"
74;"네비인사이드";"블랙뷰 400HD 시즌2 너무 합니다";"싼타페 DM 오늘 출고해서 기쁜 마음으로 블랙박스 다이 하려고 블랙뷰에 SD 카드를 삽입하는데

뭔가 뻑뻑합니다. 힘껏 밀어넣으니...블랙뷰가 SD 카드를 먹어버렸네요.

사진에도 나와 있듯이...

SD카드 사입구가 본체 사입구보다 아래에 있었던 겁니다.

본체 사입구로 들어간 SD 카드가 SD 카드 사입구 위를 통과해서 블랙뷰 안으로 들어가 버렸습니다.

블랙뷰 관계자님. 기껏 2채널 하려고 2대나 샀는데...

이게 뭔가요???";"negative"
75;"네비인사이드";"파인뷰 CR-200HD 날짜오류 정말 짜증나네요";"대략 2년반쯤 사용했구요

화질도 구리고 졸라 민감해서 짜증났지만 올봄까지는 펌업같은거 않하고 오류도 없이 잘 썼습니다.

그런데,

올해 봄쯤 펌업을 한번 하고부터 날짜 오류가 계속 생기더군요

그러다가 7월 25일날짜로 또 펌업을 한다고, 이번엔 문자까지 친절하게 보내줘서

날짜 오류가 수정됐나보다 하고 펌업을 다시 했는데

여전히 그러네요

configure를 하면 그 다음날까지는 잘 찍히다가 3일째부터는 부팅할 때 또 오류 메세지가 나옵니다

동영상을 확인해보면 날짜가 변동이 안되고, 둘재날 날짜에서 계속 무한반복되네요

화질도 구리고, 민감하기만 졸라 민감해서 둔덕만 넘어도 삐빅~ 거리면서 찍히는게

막상 접촉사고가 나면 전혀 찍히지도 않고

정말 짜증납니다

날도 더운데 ㅆㅂ";"negative"
76;"네비인사이드";"블랙뷰 이건 정말.....";"올초 2대 구매해서 추울동안은 그럭저럭 사용했는데
웬걸 더워지니 점점 블박 미쳐가기 시작하더군요
하긴 추울때도 gps고장, 전원고장, 메모리카드 고장 그래서 as3번
as보내면 기본 일주일입니다.

거기다 더워지니
열화증상~화면이 보라돌이로 변하더니 검게 녹화돼다 기계뻗어 버립니다

거기다 꺼지지도 않습니다.

그리고 열받다가 식어서 그런지 렌즈앞에 습기찬것처럼 맑은 날에도 안개낀날처럼
뿌옇게 녹화됩니다.

뭐이런기계를 팔고있는지 도무지 이해가 안됩니다
뽑기잘못했겠지 하시죠
저랑 같은 증상이신분들이 아마몰라도 블랙뷰400 구매하신분들 여러분있으실겁니다
나머지분들은 고장인지 모르고 led불만들어오면 잘돼고있구나 하고 그냥쓰시는분들 그리고 귀찮으셔서 그냥
쓰시는 분들이 아닐까요
대부분 제품들이 이런저런 동일한 증상을 호소하는데 피타소프트에서는 아무런 조치도 없습니다
아니군요 1:1교환은 잘해줍니다 그런데 그놈이 그놈입니다
처음엔 5월 개선품나오면 괜찮아질거다, 그러다 7월개선품나오면 괜찮아질거다
꼭 내돈내고 필드테스트 당하는 기분입니다.


환불요청하니 동일증상3번이나 as이력 4번이상이여야지 된답니다.
as기본 3번은 보내셔야지돼고 지방이시면 택배보내시죠 그럼 3주는 블박없이 다니셔야합니다.

저 보험들때 블박특약으로 할인받았습니다.
만약사고나면 책임지냐고 했더니 호갱님 그냥 양해해주십시오랍니다
선출고 시켜달라니 그냥 니가 먼저 보내면 보내주겠답니다. 일주일뒤에~

아진짜 열받네요

여러분 구매시 참고잘하세요...";"negative"
77;"네비인사이드";"애니큐 음성불량";"안녕하세요

얼마전 타동에서 애니큐 공구하길래 나름 싸게 구매했습니다

받은 다음날 야간에 테스트했어요 

처음은 실내만 찍고 그 다음 주행테스트 했는데
(제대로 장착하지 않고 시거잭만 꽂고 차량 유리에 대충 각도 잡아 부착)

곰플로 돌려보니 처음거는 괜찮은데 두번째꺼가 음성녹음이 안되있더라구요

그래서 다음날 출근하면서 다시 주행 테스트했는데 

3~4개에 하나꼴로 음성녹음 불량..

혹시나 해서 반품 보내기전에 검색해보니 이런 현상이 많더라구요

전 16G인데 32G 메모리에서 많이 일어난다고 하더군요 

수인코리아에서는 이 문제에 대해서 수정했다고는 하는데 아직 확실히 해결이 안된 상태네요

메모리카드 문제라긴 보단 제품의 문제같은데.. 



제품 결함이라 생각하고 반품 보내려 했으나 업체에서 이미 사용을 했기때문에 100%로 환불이 안된다고 하더군요
 
그걸로 좀 따졌더니 알았다고 해주겠다고 대신 반품비용은 고객부담 이라길래 또 그걸로 3차례 더 따짐.

그것도 알겠다고 본인이 부담하겠다고 해서 오늘 반품 보냈네요

여기서 전에 공구로 상시전원 장치 구매했던 곳인데.. 전화 연결도 잘안되고 겨우 통화되서는 저리 얘기하니 

열이 확!! 받길래 좀 따졌네요.. (내용이 긴데 간략하게 적었습니다)


여튼, 애니큐 구매하실분들은 참고하세요

음성불량이 제일 문제이구요 야간화질도 솔직히 별로입니다(이건 개인차가 있을듯 싶기도 하구요)

파인뷰 CR-300HD로 넘어갈까하는데 이건 또 어떨지 모르겠네요

아.. 제발 뽑기 좀 잘됐으면 하네요";"negative"
78;"네비인사이드";"오늘 2개 블박이 힘들게하네요....";"오늘 하루 종일 블박때문에 스트레스가 하늘을 찌루네요...ㅋㅋ

소프트맨 R700때문에 머리아픈상황에서...

블랙뷰 400HD까지 나쁜 증상 나왔네요...

혹시 이런증사 보신분계신가요?

원본을 PC뷰어로보면 엄청나게 빠르게 움직이는데..다음팟에 올리고 나니 속도가 느리네요...

뭐가 문제일까요?

서비스 보내야겠죠?

압축화일은 원본입니다....";"negative"
79;"네비인사이드";"쉐보레 gd7 smart q- 동영상 변환시 문제점...";"확장자 *.jdr 파일입니다.

프로그램상 *.avi 파일 변환이 가능합니다...

그런데 문제는...*.avi 파일 변환시에...

오디오가 밀립니다...

위 영상을 보시게 되면...10초경에 서서히 끼는 드는 차량 때문에...크락션을 울렸으나...

영상에는 13초 경에 소리가 나오는...

본인의 확인 이외에 다른 사람에게 보여주는 경우도 있을 것인데...

avi 파일을 이용한다면...

왜 클락션을 늦게 눌렀냐며 문제 제기가 될 수도 있습니다... ";"negative"
80;"네비인사이드";"G100 사용 문제점";"안녕하십니끼?

블박 G100이 처음 나왔을 때, 아이나비라는 회사에 대한 신뢰감, 2채널이라는 장점(?) 때문에 고가로(그 당시 39만원) 구매하여 장착하고 현재 사용하고 있습니다.

그러나 처음부터 동작이 잘안되는 현상이 있어 그냥 전원을 on,off 하면서 재부팅해서 사용하고 있었습니다.
얼마전 이곳에서 어느 분의 글을 읽다보니 더운날의 고온으로 동작이 멈출 수 있다는 것을 알았습니다.

그런데 요즈음 같이 뜨거운 날씨에 몇시간 정도 주차후 운행을 하면 100% 동작이 안됩니다. 그리고 저녁 때에 온도가 내려 갔을 때도 동작이 안되었습니다.(고온차단 설정 기능이 있는 것은 압니다.)

현상은 오른쪽,왼쪽 LED 가 동일하게 녹색, 청색, 빨강이 번갈아 가면서 계속 깜박입니다. 그래서 파워버튼을 눌려 끄려해도 전혀 동작을 안합니다. 강제로 파워선을 빼도 LED는 계속 들어옵니다.(추측으로는 조금 남어 있는 전력 때문인가?) 그래서 GPS 선을 빼니 전원이 완전히 off 되었습니다. (이것도 여러번 이것 저것 하면서...)
그 다음부터는 전원선과 GPS선을 강제로 빼고 다시 꽂아 재부팅을 합니다. 이런일은 거의 매일 일어 납니다.

이것은 G100 고장으로 A/S 받아야 하는 것인지? 상당히 불편합니다.

후방카메라의 해상도는 낮에도 거의 번호판 인식이 어렵습니다. 밤에는 포기...이것은 감수해야 할 것 같습니다. (물론 뒤유리 썬팅이 되어 있습니다. 그러나 블박을 만들면서 뒤유리 썬팅하지 마세요라고 해야 하는지? 이것은 다시 한번 생각할 문제인 것 같습니다.)
요즈음 나오는 2채널 신제품을 보면 early adopter의 문제점이 아닌가. 개인적으로는 지금 불박을 구매한다면  당연히 G100을 구매하지 않지요. 그러나 아이나비의 발전적 모습을 기대 합니다.

저의 경험이 이곳 회원들에게 도움이 되면 좋겠다는 생각에 장문의 글을 올렸습니다. 끝가지 읽어 주셔서 감사합니다.";"negative"
81;"네비인사이드";"블랙박스 원래 주차모드 녹화가 이런건가요? ㅜ";"오늘 17시 경 홈플러스에 주차하고 21시경 다시 차가지러 나왔는데
운전석 우측 뒷편에 심하게 긁힌자국 있었습니다....
일단 놀래서 홈플 보안팀에 연락해서 CCTV봤는데
고객 안전용이라 화면에 아 이게 이쪽으로 이동하는구나 밖에 판독이 안되고
안되는겁니다
제차에 ITB-80G 블랙박스 있어서 블박 봤더니
녹화가 주차하고나서부터 한 3분되다가
쭉 안되있다가
자동차 무선키로 차문열라고 에스컬레이터에서 눌렸을때부터 되있고
중간에 하나도 없는겁니다 ㅡ.ㅡ
하아......
이러면 블랙박스 단 의미가 없잖아요?
파일 다 디져보니까 중간중간 파일은있는데 재생안되고..
미쳐버리겠습니다 ㅜㅜ
그런데 제가 이런경우 처음인데 어떻게 처리를 해야하나요?
보험회사에 전화를 해야하나요? 경찰에 신고를 해야하나요?";"negative"
82;"네비인사이드";"MPGIO 서비스 멍멍이 같아......";"   한달전에 MPGIO에서 만든 아이모토라는 블랙박스를 구입했습니다.
설명서에 화질도 괜찮고 해서 구입을 했는데 지금 후회를 하고 있네요.
한달도 되지 않아서 시간설정이 되다가 어느날부터인지 2011-01-01 12:00으로 바뀌고 블랙박스의 중요한 역활인 주행중 촬영도 되지 않고 또 모션녹화가 된다고 해서 한번 해봤는데 모션녹화로 넘어가지도 않고해서 7월2일 MPGIO AS센터에 전화를 하고 이런 내용을 이야기했더니 AS신청서를 작성해서 보내라고 하면서 한달이 넘었으니 운송비를 지불해야 한다고 하더군요.
구입한지 한달이 되는 날이 6월30일(토요일)인데 그날은 AS센터가 휴무하는 날로 전화연락도 되지 않는 날입니다.
제가 한달에서 2일이 지났지만 토요일이 휴무날인데 돈을 같이 보내야 하느냐 세금도 말일이 주말이나 휴무일인 경우 가산금 없이 받아주는데 MPGIO는 왜 그러느냐 했더니 자사의 규정이 그렇다면서 물건을 보낼때 그런 내용까지 적어서 보내라고 하더군요.
그리고 어제 책임자하고 전화 통화를 했는데 자사의 규정만 이야기를 합니다.
소비자는 완전히 무시하는 처사가 어이가 없어서 더이상 AS이야기는 하지 않겠다. 그리고 제가 당한 이야기를 인터넷에 올리겠다고 했더니 좀전에 AS센터 책임자라면서 전화가 왔더군요. 뭐가 문제인지 불만사항을 이야기하면 다음부터 반영하겠다면서요.
어이가 없죠. 먼저 전화를 해서 수리를 해주겠다는 이야기는 없고 불만사항만 이야기 하라니............
만약  MPGIO에서 만든 아이모토,리얼모토를 구입하려고 생각하신다면 다른 제품을 권유하고 싶습니다.";"negative"
83;"네비인사이드";"파인뷰 CR-200 HD 시리얼 번호 확인";"파인뷰 CR-200을 구입을 했어요
그런데 상품 포장 박스의 시리얼 번호와
제품에 붙어 있는 시리얼 번호가 틀린데
본사 상담원도 그렇고 판매처에서도 잘 모르겠다고 발뺌을 하는데
제가 너무 민감한건지.....
정말 물건이 다른 것인지
너무 궁금합니다.
예로 삼성전자의 경우 상품 포장 박스와 제품의 시리얼 번호가 일치한다고 들었습니다.
혹 이건에 대해서 정확히 아시는 분은 알려주시면 감사하겠습니다";"negative"
84;"네비인사이드";"사고 났는데 블랙박스 저장이 안됐어요~";"안녕하세요~

블랙뷰 DR400G-HD 를 사용 하고 있는데요.
오늘 사고가 나게 되서 블랙박스 녹화된 파일을 보려고 하는데

6월 12일까지만 녹화가 되어 있더라구요
블랙박스 본체에는 녹화등이 켜 있었구요

6월 6일에 소프트웨어 업데이트를 하였습니다.

상담원에 문의 하니 무조건 보내달라고만 하네요.

ㅜㅜㅜㅜㅜㅜㅜㅜㅜㅜㅜㅜㅜㅜㅜㅜㅜㅜ";"negative"
85;"네비인사이드";"오늘 a/s 신청하니...";"오늘 영상때문에 일우에 a/s 신청했습니다.

일우: 담당자가 동원 가셨서 금요일 쯤 통화 가능한데요

저: 그러면 다른 분이라도

일우: 다른 분들도 안계신데요..

일우에는 엔지어가 한분 밖에 없는가 봅니다. ㅎㅎ

사에바 님의 말씀처럼 교환을 해주지 않는 이유가 다른 곳에 있는듯 한데...

5월 17일 예전에 쓰던 블박이 영상이 흐려 전화를 했을 때는 a/s,내지 교품이라는 얘기를 했습니다.

그후 gps 가 잡히지 않아서 전화를 하니 다른 분을 바꿔 주면서 (조금은 높은 분 같았는데) 앞에 아파트가 있어서 gps 가 잡히지 않는다

지극히 정상이라고 하든군요 블박 gps야 있어도 그만 없어도 그만이라  크게 신경은 씨지 않았습니다.

글구 전원 off 후 2시간 이상 지나면 다시 잡히는데.. 적게는 수분에서 많게는 1시간 씩 걸리는게 정상이라고 하든

군요

일우에 대한 좋은 감정이 하나 둘 씩 사라져 가는 것 같습니다. 지금까지 세어 보지는 않았지만 교품만  몇번을 

한것 같습니다.  ";"negative"
86;"네비인사이드";"[폴라폭스] 제니스 절대 비추천합니다.";"옥X에서 프로모션해서
폴라폭스 제니스 구매 후 설치했습니다.
[무료 설치 행사로 회사에서 배정된 담당 설치기사가 설치]

12일만에 전원이 안들어오더군요.
블랙박스 특성상 손을 많이 대는 제품이 아니자나요.
그냥 가만히 있어도 고장이 나는가봅니다.

혹시나 전원버튼이 눌러져 꺼졌나 싶어서
전원버튼을 눌렀더니
제품 안으로 들어가서 나오지 않음..;;;;;;;;;;;;


그리고 제품 영상에도
녹색 세로줄이 발생하고 정말 안좋습니다.

A/S를 위해 전화를 걸어도
[통화중] 이거나
[내일을 위해 잠시 쉬고 있습니다]
[점심시간]
멘트만 들을 수 있네요.


정말 어의가 없어서..
아직도 이런 제품을 팔면서 회사운영을 하려는 곳이 있다니
이건 뭐 중국 짝퉁보다 더 못한 제품 같네요..

정말 주위에 널리 알려서
이런 제품 사는 사람이 없길 바라는 마음뿐이네요...ㅠㅠ";"negative"
87;"네비인사이드";"블랙뷰DR400G 절대 안살겁니다.. 완전피해봣네요";"오늘 누가 빽미러 치고가는바람에 실랑이좀 햇습니다.
너무 어이가 없어서리
사고영상 확인하려니 진짜 말문이 막히네요
블랙박스 영상이 시커멓습니다......
보시는 사진은 낮시간인데... 영상에 빨간줄가더니 결국 보라색처럼 이렇게 변하고
시간지난후에는 아예 영상이 시커멓게 녹화가 안됩니다. 화면이 안나옴. 검은색 ㅜㅜㅜ
짜증이 나네요 진짜
시간대별로 쭉 보니깐
우려햇던 블랙박스 열받아서 사진처럼 된거같애요
비싼돈주고 작업햇더니 나오라는 영상 안나오고 소리는 나오는데 시커멓습니다
영상기능이 맛간거죠
다시는 블랙뷰꺼 안살랍니다.....ㅠㅠㅠㅠㅠㅠㅠ
어떻게 피해구제를 받아야할가요.. 블랙박스가 무용지물이 되엇습니다.
화면이 녹화가 되지않아 진짜 씁슬하네요

다른사람들이 산다면 절대 비추할겁니다.
네비인사이에서 고심끝에산건데 아ㅜ눈물나네요";"negative"
88;"네비인사이드";"블랙뷰 초기불량(2회) 및 AS 불만";"4월초, 생애첫 신차 구입과 함께 블랙뷰 DR400G-HD를 샀습니다.
(정확히 말하면 영맨한테 받았죠 ^^; 이게 요즘 대세라며...)

여기저기 인터넷으로 좀 알아보니. 역시 블랙뷰가 젤 좋다는 칭찬이 자자하더군요...

새차에 블랙박스까지~!
키야. 날아갈듯 했습니다요.

그러고 약 보름 후.
블랙뷰가 말을 많이 하기 시작합니다.

안전운전의 지킴이 블랙뷰입니다. 상시녹화를 시작하겠습니다.....

SD카드를 점검해 주세요. SD카드를 점검해 주세요. SD카드를 점검해 주세요. SD카드를 점검해 주세요. SD카드를 점검해 주세요. SD카드를 점검해 주세요. SD카드를 점검해 주세요. SD카드를 점검해 주세요. SD카드를 점검해 주세요. SD카드를 점검해 주세요. SD카드를 점검해 주세요. SD카드를 점검해 주세요. SD카드를 점검해 주세요. SD카드를 점검해 주세요. SD카드를 점검해 주세요. SD카드를 점검해 주세요. SD카드를 점검해 주세요. SD카드를 점검해 주세요. SD카드를 점검해 주세요. SD카드를 점검해 주세요. SD카드를 점검해 주세요. SD카드를 점검해 주세요. SD카드를 점검해 주세요. SD카드를 점검해 주세요. SD카드를 점검해 주세요. SD카드를 점검해 주세요. SD카드를 점검해 주세요. SD카드를 점검해 주세요. SD카드를 점검해 주세요. SD카드를 점검해 주세요. SD카드를 점검해 주세요. SD카드를 점검해 주세요. SD카드를 점검해 주세요. SD카드를 점검해 주세요. SD카드를 점검해 주세요. SD카드를 점검해 주세요.

아... 요거 은근히 짜증납니다. 아직 새차에 정신없던 때라 한 일주일정도 참아주고 목요일 피타소프트로 보냈습니다.
신품으로 보내준다니 월화정도면 오려니 하고요.
안오데요. 수요일 전화해 봅니다. 어제(화) 접수 ㄷㅚㅆ으니까 금요일 보내드릴께요.하더군요. 제가 5월 3일 목요일 발송하고 5월 14일 월요일에 일단받았습니다. (요즘 우체국 택배는 무조건 하루. 그것도 다음날 오전이면 도착합니다.)
그런데 뚜시꿍. SD카드가 없네요. 다시 전화합니다. SD카드 없다. 퀵으로 바로 보내라. 안된다 규정상 택배밖에 안된다. 또 하루 갑니다. 구매한지 한달정도된 블랙박스가 열흘은 고장으로, 열흘은 AS로 사용하지 못했네요.

암튼. SD카드 받았습니다. 이제 잘 되겠죠...라고 생각한건 저의 오산이였습니다.


안전운전의 지킴이 블랙뷰입니다. 상시녹화를 시작하겠습니다...
안전운전의 지킴이 블랙뷰입니다. 상시녹화를 시작하...
안전운전의 지킴이 블랙뷰입니다. 상시녹화를...
안전운전의 지킴이 블랙뷰입니다. 상시녹화를 시작하겠습...
안전운전의 지킴이 블랙뷰입니다. 상시녹화를 시작하겠습니...
안전운전의 지킴이 블랙뷰입니다. 상시녹화를 시작...
안전운전의 지킴이 블랙뷰입니다. 상시...


이건 또 ㅁㅝㅇ미.
그리고 오늘 (5/16) 09:11에 고객센터 또 전화합니다.
나 : 문제 있다.
피타 : 엔지니어 전화하라고 하마.
나 : 빨리좀 하라고 해라. 전화하라고 한다면서 매번 두시간씩 걸리더라..
피타 : 아침이니까 바로 하마.
그리고 현재시간 10:11 아무 연락 없음.

그리고 녹화는 좀 ㄷㅚㅆ나 보려고 SD카드를 읽어봤습니다.
중간중간 녹화가 된 부분도 있더군요.

그런데... 분명 새제품과 새SD카드를 보냈댔는데, 4월 29일 녹화된 화일은 뭘까요 (4월 29일자 파일들은 재생도 안되는군요...)


아... 또 새로 받아보고 인내심을 테스트 해보긴 하겠습니다만.
초기 장애율이 상당히 높고, AS받기가 (심지어 전화통화하기도...) 힘든 피타소ㅍㅡㅌ....
정말 나는 행운아다. 무조건 잘뽑기 때문에 AS받을 일도 없다... 하시는 분 쓰세요 ^^

저는 이번에 받아보고 또 그러면 이제 땡깡 놓을라구요... 아. 힘드네용";"negative"
89;"네비인사이드";"주차녹화, 프레임에 대한 단상..";"주차녹화의 목적은 차량이 주차하는 동안에 일어났을 때에 일어날 수 있는 사고를 녹화해 시시비비를 가리기 위함입니다. 특히 마트 등에서 일어나는 주차먹튀 혹은 뺑소니 사고를 판독하기에 딱 좋지요.
허나 정작 주차녹화를 하는 대부분의 블랙박스들은 주차녹화에 진입하게되면 프레임을 확 내립니다. 이는 메모리카드에서 녹화시간을 최대한 길게 빼내기 위한 방법인데요
문제는 정말로 사고가 발생하였을 때 10프레임이나 5프레임으로 다운된 영상으로는 재빠르게 움직이는 차량에 대한 판독이 24프레임이상의 영상보다 어렵게 됩니다. 주차중에 일어나는 각종 사고를 정확히 녹화해야할 블랙박스가 프레임으로 인해 제대로 차량의 번호판이나 움직이는 모습이 제대로 찍히지 않았다면 그건 블랙박스로서 해야할 의무를 다하지 못한게 아닌가라는 게 제 생각입니다.
녹화를 하다가도 어떤 충격이나 모션이 감지된 순간만은 5프레임이나 10프레임이 아니라 20프레임이상으로 녹화가 되어야 재빠르게 움직이는 차량이나 사람에 대한 촬영이 원활하리라 생각합니다.
여러분은 이 부분에 대해서 어떻게 생각하시는지요~?";"negative"
90;"네비인사이드";"루카스 LK-5900 PRO 블랙박스 나빠요 정말 나빠요";"루카스제품 사지 마세요.

제가 뽑기를 잘 못 한건지 몰라도 고객응대 및 A/S가 개판이네요.

전화는 받지도 않고 30번정도 전화 걸어서 겨우 통화해서 하는 말이 A/S보내세요.

A/S어떻게 보내냐고 물어 보니... 고객이 알아서 택배사 불러서 보내라고 하네요 황당 

그래서 홈페이지 가서 1:1문의 하니...10일넘게 아직도 답변이 없네요.

아~ 짜쯩이 밀려오네요.  환불 어떻게 못 하나요? 아직 구입 후 1달 안됐는데.....";"negative"
91;"네비인사이드";"블랙뷰 AS 전화 연결 진짜 어렵군요..";"블랙뷰 AS 센터 전화 연결한번 진짜 어렵네요..

예전처럼 부서를 따로따로 배치해서 연결이 가능하게 하면좋으련만 요즘에는 내선 연결도 안되고

오직 0번 상담원 연결 밖에없군요.. ㅡㅡ";"negative"
92;"네비인사이드";"루카스 5900HD 사용해보니...";"루카스 5900HD 사용해보니
생각보다 화질이 조금 아쉽단 생각이 듭니다...
어쩌면 한편으로 평좋은 루카스도 이정도인데 다른 제품들은 어떨까싶기도하고...
막상 사용해보니 돈좀 더 보테서 2채널로 구성된 제품으로 구매하는게
낫지않았을까하네요~~^^";"negative"
93;"네비인사이드";"블랙박스의 문제점";"블랙박스 구입시 체크사항...

1. 품질
    - 슈퍼캡이 적용 되어 있는가
    - 제품에 대한 작동온도(-20~65) 및 보존온도(-30~70)가 보장되는가
    - 써지 테스트가 36V이상에 70V까지 검토가 되었는가....
    - 진동이나  내구성 테스가 된 제품인가.
    * 제품을 만들기 위해  신뢰성 테스트하는 부분이 많습니다.
       품질은 회사의 투자와 회사의 규모에서 나옵니다.(대기업이 그래서 믿을만 한거죠)
    * 자동차 전자 제품은 일반제품과 다릅니다.  바로 전장제품이라고 해서 부품이나  신뢰성 테스트 스펙도
       높습니다. 블랙박스가 전장제품입니다.

2.  사양 확인...
    - 카메라 화소수의 진실이 아세요
      200만, 300만 ...  그곳에는 꼼수가 있습니다.  

      HD는 92만화소, SD는 30만화소 FHD가 200만 화소 입니다.
      200만 화소에 SD급 제품이면 결론은 30만 해상도로 동영상은 재생되는 거죠,,,,
      제일 거지같은게  바로 300만 화소에  SD급입니다.
      화소 및 화질은 바로 1대1대 입니다.
      92만 화소룰 HD급 블랙박스가  HD급에서는 최고 인거죠... 200만에 HD급이면 화질을 압측하거나
      삭제하는  거시지요 결론은 화질이 떨질수 잇는 요소가 생기는 거죠
      SD급은 30만 화소를 찍을때가 최상이구요,,,,  결론은 200만 화소는 FULL HD가 되어야 비로소 제 역활을
      하는 것입니다.

3. 프레임은 28프레임이 최적입니다.  
   신호등을 제일 잘찍으려면 28프레임 최적임....
4. 배터리 부분은 슈퍼 캐페터스(슈퍼캡) 적용된것...

5. SD CARD는 6개월이상 보장이 안됩니다.

6. 상시 전원은 필히 자동차 밧데리 방전 관련 보호 회로가 있어야 합니다.

7. 그리구 야간 동영상이 제일 중요합니다. 낮은 다 똑같아요..... 

블랙박스 업체도 현재 150개 정도가 난리치고 있다고 하네요....
구입시 A/S능력 및 사후 관리를 믿을수 있는 제품을 구입하시길 바랍니다.
중국제,  한번 팔고 사라지는 업체... 
암튼,  구입 후 최소 3년은 잘 쓸수 있는 제품을 구입하시길 바랍니다.";"negative"
94;"네비인사이드";"업체 이렇수 있나여?";"안녕하세요? 정말 어이가 없어서 이렇게 글을 올리게 되었습니다.
 내용인즉 올초 차를 새로 구입하여, 차량 보호 및 안전을 목적으로 블랙박스(HB-5000W)를 40만원 주고 2ch 구매 후 설치 하였습니다 
타고 다니던 중 블랙박스 녹화가 잘되나 해서, 녹화 영상을 재생하여 확인 결과 녹화중 영상 화면에 나온 바로 앞 차량 번호 숫자 식별이 되지 않는 다는 걸 알게 되었습니다.
 처음 구매할 때에는 업체에서 해상도가 떨어져서 번호판 식별이 안된다고 설명은 안했고, 지금 사용중 확인 결과 애초 구매시 해상도가 이처럼 나쁜 제품이면 구매 하지 않았을 것을 후회하던 차에
운행중 갑자기 메모리 카드를 인식할수 없습니다.멘트가 계속 나오면서 블랙박스가 작동되지 않았습니다.
 이에 업체가서 확인결과 메모리카드가 뻑이나서 그렇다고 하더군여,
사용자가 메모리카드를 작동중에 빼서 카드가 뻑이 났다고, 사용자 과실로 AS가 안된다는 것입니다.
그래서 메모리카드를 작동중에 인위적으로 뺀적 없고, 작동이 잘되다가 갑자기 주행중 안된다고 했더니, 그래도 메모리카드는 소모품이기 때문에 업체에서 AS해줄수 없다고 우기더군여.
나참 구매한지 2개월 정도 밖에 되지 않은 채 고장난 메모리카드가 소비자 과실이라고 빡빡 우기더군여, 참 어이 없습니다. 2개월도 안되 고장난 메모리카드 자체가 문제 아닐까여?
 그럼 블랙박스 녹화 영상 재생시 앞 차량 번호판도 식별이 안될정도면 블랙박스에 문제가 있는게 아니냐고 했더니?
 평택현대xxxx 업체 기사 왈,  블랙박스는 차량 번호판 식별하는 게 아니고, 사고정황, 신호등 색깔 모 이런것 만 확인하는거니까 차량번호판 식별과 아무 문제가 없다 처리해줄수 없다.
 그럼 블랙박스 설치 목적이 무엇인지 궁금합니다.
과연 사고시 정황이나, 뺑소니등을 확인 하기 위해서 바로 앞 차량 번호판 번호가 확인되지 않는 다면
어느누가 블랙박스를 설치 할런지 궁금합니다.
 참 올초 1월에 거금 40만원주고 설치한 블랙박스가 앞 차번호도 식별되지 않고, 메모리카드도 불과 2개월 되서 고장이 났습니다. 업체는 물건 팔아먹기에 급급해서 사후 관리는 전혀 하지 않는 듯 소비자 과실이라며 떠넘기기 급급했습니다. 이에 저와 같은 피해자가 발생하지 않도록 아래 업체를 신고하고자 합니다.
 1. 업체상호 : 평택xxxxxx
2. 위치 : 상공회의소 맞은편 셀프세차장 옆
 긴글 읽어 주셔서 감사드리며, 평택에 거주하고 계신 시민여러분 평택카오디오라는 업체 이용 자제 부탁드립니다.
 왜냐하면 저와 같은 피해를 보실수 있으니까요ㅜㅜ";"negative"
95;"네비인사이드";"파인뷰 CR-300HD 해상도 환경 설정 값 자동 변경 문제";"microSD 16G (원래 제품에 포함되어 있던 것)가 용량이 작아서
32G로 바뀌어 놓고, 녹화된 화면을 재생 해 보니까,
해상도 설정값이 720p에서 1080p로 자동으로 바뀌어 있네요..

즉,
16G로 사용할때 720p 로 설정 해놓았다가, 단지 메모리만 32G로 바꾸어 놓고
녹화된 영상을 보니까, 저장된 화일의 하단 자막에 1080p로 나오네요.
화면사이즈도 1080 해상도로 커져 있구요
(블랙박스 본체는 차안에 그대로 설치된 상태에서 메모리만 교체 했구요..)

그로인하여, 32G인데도 불구하고, 주차모드 파일(event 폴더)이
12시간 분량 조차도 저장하지 못하네요...

주차중에 일부영상도 누락되고, 설정값도 자동으로 바뀌고,
문제가 좀 있는것 같네요..";"negative"
96;"네비인사이드";"파인뷰 CR-200HD";"나중에서 뭔가 확인하고 싶어서 보면
이미 덮어쓰기가 되어 참으로 난감한 부분이 있습니다.
기타 다른제품은 640이므로 같은 메모리라도 어느정도는 보관이되는데...
이 제품은 해상도를 늘리다보니 메모리의 한계 때문에 장시간 보관이 어렵다는것이지요.

그래서 유저가 선택할수 있도록 해상도의 선택의 폭을 늘려주었으면 좋겠는데
그런 지원이 아직도 안되고 있군요.
또한 최근에 HD300은 프레임을 낮추어 시간을 늘리는것을 해놨는데
이 제품은 그런 기능을 펌업 추가 지원을 안해주는군요.
또한 홈피에는 게시판기능도 없어서 문의나 개선요구도 어렵군요.
같은 계열의 파인드라이브는 그래도 게시판은있는데...

향후 구입할때는
화질우선으로 할것이냐?
저장시간을 고려할 것이냐?
판단들을 하셔야 될것 같습니다.
화질도 중요하지만 저장시간도 무시를 못합니다.
가능하다면 화질 선택의 폭이 넓은 제품이 있다면 더 좋을텐데...";"negative"
97;"네비인사이드";"파인뷰 CR-300HD 주차모드 영상 누락";"주차 모드로 설정 해 놓은 후, 나중에 녹화된 영상을 보니까, 일부 영상이 누락된것 같네요..

상황은,
제가 주차 해 놓은 앞쪽으로 3대의 차가 주차 할 수 있는 주차공간이 있었고
제가 주차할 당시에는, 그 주차공간에 차가 하나도 없었습니다.
나중에, 녹화된 영상화일(event/normal 폴더)을 하나씩 재생 해 보다보니까, 어느 순간 갑자기
앞쪽에 차가 주차되어 있네요.
주착모드로 해 놓았으면, 앞차가 주차하는 모습이 영상에 담겨있는 파일이 있어야 되는것 아닌가요?
물론 앞쪽에 차가 주차된 시점의 앞/뒤 시간 녹화파일은 존재 합니다.

다른분들은 어떠세요?.. 누락되는 영상 없으신가요?


상황을 추가적으로 설명 해 보면,
제차 앞쪽에는 3대의 차가 주차할 수 있는 공간이 있고, 오른쪽 옆으로 1대의 차가 주차 할 수 있는 공간이 있음
현재 evnet 폴더에는 2012-04-02-04h21m22s_parking.avi ~ 2012-04-03-06h51m59s_motion.avi 시간대의
파일이 저장되어 있으며, 아래는 누락된 시간대의 파일을 순서대로 나열 한 것임

2012-04-02-08h09m44s_parking.avi 제차 앞에 있는 주차공간에 차량이 없음
2012-04-02-08h25m09s_parking.avi 제차 앞에 있는 주차공간에 차량이 없음
2012-04-02-08h26m19s_parking.avi 제차 앞에 있는 주차공간에 차량이 없음
2012-04-02-08h31m33s_parking.avi 제차 앞에 있는 주차공간에 1번째 차가 주차되는 영상이 녹화됨
>의문점1 : 차량이 주차되는 모습은 2012-04-02-08h31m33s_motion.avi 로 녹화되야 하는것 아닌가요?

2012-04-02-08h40m46s_parking.avi 제차 앞에 있는 주차공간에 2번째 차량이 이미 주차되어 있는 모습이
나타남 즉, 2번째 차량이 주차되고 있는 상황은 녹화되지 않고, 이미 주차가 완료된 상태만 녹화 됨.
> 의문점2. 2번째 차량도 주차되는 모습이 녹화되어야 하는것 아닐까요?

2012-04-02-08h59m13s_motion.avi 제차 앞에 있는 주차공간에 3번째 차량이 이미 주차되어 있는 모습이
나타남 즉, 3번째 차량이 주차되고 있는 상황은 녹화되지 않고, 이미 주차가 완료된 상태만 녹화 됨.
이 파일에서는, 제차 옆 주차공간에 4번째 차량이 주차되고 있는 모습이 녹화 됨.
> 의문점 3. 3번째 차량이 주차되는 모습도 녹화 되어야 하는것 아닐까요?";"negative"
98;"네비인사이드";"아이나비블랙클레어 구입예정자분 참고하세요";"아이나비블랙클레어 주행모드로 사용하실분들에게만 추천합니다.

블랙클레어의 가장큰 불편함은 자동주차모드지원이 되지않아, 상시모드에서 주차모드 전환시 특정버튼을 3초이상 누르고 있어야한다는 점입니다. 반대로 주차모드에서 상시모드전환 역시 같은방식입니다.
실제로 사용해보니 상당히 번거롭고 귀찮습니다.

이부분은 모든 블랙클레어 사용자가 호소하는 불편함인데 아이나비고객센터측은 이부분에대해 전혀 개선의지가 없어보입니다.
많은 블랙클레어 사용자분들이 이부분에 대한 펌웨어업그레이드를 기대하고 있지만 기기상의문제라며 불가능하다는 확답을 아이나비측으로 부터 받았습니다.

시간설정은 GPS가 없어, PC로만 설정가능하며 메모리를 기기에 바로 장착안할시 예상장착시간을 감안해서 시간설정을 해야하는 불편함이 있습니다.

화질부분에서는 야간화질이 타사제품에 비해 딸리는감이 있습니다.

결론 : 아이나비블랙클레어 완전비추천.
상시모드(주행모드)로만 사용하실분에게 추천.
이유 : 자동주차모드지원이 되지않아 사용자입장에서 너무불편함.
고객센터의 성의없는대응.

마지막으로 블랙박스라 함은 사용자가 수시로 조작해야하는 기기가 아닙니다. 한번셋팅으로 혹시모를 사고에 대비해 장착하는 장비로 조작이편해야하고 어떤환경에서도 작동이 잘 되어야지만 제값을 하는장비입니다.
저처럼 구입하시고 후회하시는 일이 없길 바라며 이글을 남깁니다.";"negative"
99;"네비인사이드";"파인뷰 CR-300HD 메모리 오류 계속 나서 미치겠네요..";"CR-300HD사용중인데요..

메모리카드 오류때문에 A/S 보냈더니 메모리를 바꿔주더군요..

이틀지나니까 여지없이 또 메모리카드 오류네요..

하아...진짜 이틀에 한번씩 포맷해야되나요...

기기문제는 아니라고 하고..

다른분들은 다들 잘 쓰시나요?

저만 이런건가요?";"negative"
100;"네비인사이드";"블랙뷰 회사 이거 나빠요..";"AS후 택배상자를 보니 AS 처리 내역서가 없군요..

소비자가 애프터 서비스를 받고나서 어떤부분에 이상이있었는지, 어떤부분에대하여 어떻게 처리를 하였는지

꼭 AS센터에 전화를 걸지 않아도 알수 있게 처리 내역서를 넣어 보내야 하지않을까요?

수정되었으면 합니다.";"negative"
101;"네비인사이드";"아이패스 블랙 절대 사지 마세요";"정말 dog같은 공구였습니다.

케이블까지 다 설치했더니....전원불량...

케이블보내주면 다시 설치해야 하는데..그런 공임비는 어디서 나오나요?


전원문제 간신히 해결했더니..

이젠..사고  무녹화에....


전원까지 다시 불량입니다.



도대체 이따위 제품을 무슨 근거로 공구했는지...거기에 나는 왜 놀아났는지 모르겠네요..

정말  블랙박스 떼서 회사에 던져버리고 싶습니다.


사익이 목적인 사기업은 아닐진데...그렇다고 공익목적까지는 아닐지라도.


이런 dog같은 제품을 어떻게 공구할수가 있나요...


정말 잠도 오지 않네요...


소도 잃고...외양간 고치려했더니...연장까지 쓰레기네요...



절대로...아이패스 블랙 사지 마세요...제품.... 엉망입니다.";"negative"
102;"네비인사이드";"디텍 스마티 1500plus 170도화각 화질문제점.....";"이번 공동구매로 구입하여 신차 나오자마자 임의설치(시거잭으로 장착 배선 없음 배선 대롱대롱 매달림)
하여 녹화된 화면을 보니 엄청나게 후회 막심합니다...
화각 넓은건 좋은데 주간녹화된 영상 신호대기 정차시 바로앞에 있는 차량 번호판도 안보입니다...
주간영상이 이렇다면 야간영상은 어떨지 아시겠죠?
야간영상 보니 이건 모 할말이 없네요...
다들 좋다고 하시길래... 샀더니 별루 맘에 들지 않네요..
전면 썬팅은 되어있구요.. 50% 루마 스타로 되어 있긴 합니다만..
이건 주간영상이 이렇게 보이질 않는데..
일단 디텍 본사쪽에 환불 요청 해논 상태입니다..
다른분들은 어떤가요? 제것만 화질이 안좋은건지.. 다른분들은 궁금하네요... 영상 캡쳐만 일단 올려봅니다..";"negative"
103;"네비인사이드";"로드캠 i-2000whd 주간화질, 역광,일반 번호판 식별불가 ㅡㅡ^";"역광.... 뭐 어쩔수없다 생각합니다. 패스





일반 주간영상입니다. .... 할말이 없네요... 번호판 재대로 인식되는 차량 한대도 없네요...



왜이런지 모르겠습니다...


이제품 별로인가요? 나름 고르고 고른것인데 ㅠㅠ

밑의 야간영상도 봐주세요..



아! 전면 선텐은 루마 피너쿨50입니다.   5, 15처럼 어두운 것도 아닙니다.




130km의 속도라 안보인다라는 댓글로인해 60km/h정도의 시내?주행영상 다시 올립니다. 역시 안보입니다.

마치 일부러 차량번호를 뭉개놓은것처럼 하나같이 안보이네요...";"negative"
104;"네비인사이드";"영상 캡쳐해 봤습니다..";"117의 속도로 주행하며 버스를 추월하고 있습니다...자측 버스의 번호판이 어느정도 인식이 가능합니다..
주행중인 곳이 햇빛이 없는 그늘구간이내요..


133의 속도로 우측의 버스를 추월하고 있습니다..
우측에서 햇빛이 비추고 있으며  차량의 대쉬보드에 놓인 물건의 반사로 번호판 식별이 더욱 불가능하내요


124의 속도로 우측버스 추월하고 있습니다..
우측에서 햇빛이 비추고 있으며 가로수등의 그늘로 영상에 햇빛이 들어오고 나가는 상황이 반복됩니다
이런 상황에서 옆차량 번호판 인식이 용이하지 않는 상황인데..
거기다가 대쉬보드의 물건의 반사로 더욱 힘들게 됩니다...

햇빛이 없는 흐린날 주행하면서 테스트를 다시하여 보세요..
시속60정도로 추월하는 경우에는 옆차량 번호판 인식이 거의 됩니다..";"negative"
105;"네비인사이드";"로드캠 i-2000whd 야간 화질 원래 블랙박스가 다 이런가요?";"동영상보시면

-신호대기중 바로 앞에 서있는 차량의 번호판 식별불가

-마주오는 차량 번호판 식별불가

-좌회전 신호가 떨어져 이동중 제차의 헤드라이트 불빛이 비스듬히 앞차에 비추고 5미터 이상 떨어져 있을 때만
차량번호판 식별가능

-직진 운행중 앞차의 번호판 식별불가

이런데요..

원래 블박이 다 이런가요? 그래도 1채널 블랙박스중 20만원상당의 고가 블박이고, 나름 평점도 나쁘지 않던데요..... 2000hd를 개선한것이 2000whd라던데.. 원래이런건지, 아니면 센서고장? 인건지 아님 불량인건지 궁금합니다 .";"negative"
106;"네비인사이드";"i-2000WHD 받자마자 테스트 지하주차장 결과 .";"자마자 설치전에 간단히 화질 테스트 해 보았습니다.


근데......    아....

최초 부팅 떄 그후 인데 화질이... 교체 해야하나요..?

아래사진은 후팅후 화면 입니다 . 바로 앞 차랑의 번호판도 보이지 않는....뭉개져 버리는 이런 상황  설명점...";"negative"
107;"네비인사이드";"A/S후 돌려받은 이글아이GS600 사용기";"          
A/S보냈던 이글아이 받은 후 더 엉망이네요. 리셋해야 가끔 GPS 작동LED가 뜨는데 오늘은 그나마 녹화중 LED까지 꺼져있어 리셋버튼 아무리 눌러도 안되어 전원선을 다시 뺐다가 연결하니 그때서야 블랙박스가 작동을 하네요
다시 A/S 보내고 싶지만 또다시 뻔한 대답들을 것 같아 고민입니다
그냥 폼으로 달아놓고 보험료 할인이나 받아야 할까 봅니다
제발 이런 제품 구입하지마세요. 미치고 환장합니다
조금 비싸더라도 국산제품 인지도 있는거 사세요 (저의 또다른 차(SM5)에는 블랙뷰400HD) 달았습니다 파인뷰도 인기 있지만 그놈의 GPS기능이 빠져있어 2%가 부족해서 결국 블랙뷰 달았습니다 아직까지 만족합니다 화질도 이글아이보다 훨났고 우선 상시전원장치로 주차중 녹화가 가능하니 안심이 됩니다
월드시큐리티 홈페이지 들어가서 보고 느낀거지만 블랙박스 전문업체가 아닌 각종 보안장비 수입 판매하는 회사입니다
500만화소 Full-HD GPS내장이라란 문구에 혹해서 구입한 제가 어리석었네요";"negative"
108;"네비인사이드";"최악의 블랙박스 이글아이GS600 (10개월 사용)";"우선 이 제품 쓰레기입니다 대만산이고 설명서도 부실했습니다 (영문과 다른나라 언어로 되어 있으며 한글설명서는 달랑..!)
그리고 우선 GPS 시간이 대만으로 맞추어져 있어서 1시간 차이가 납니다. GPS내장에 500만 화소 풀HD라는 표현에 혹해서 샀는데 실제 영상은 일반 HD급이라고 보시면 됩니다
주차중 녹화도 안되고 오로지 달릴때만 쓸수 있는 블랙박스 (그러면서 가격은 무지 비쌈)
그리고 산지 10달만에 GPS가 작동되지않아(본체에 GPS작동을 알리는 LED가 꺼져 있음) 메모리 영상을 확인해보니 속도와 좌표 전부 표시 안되서 월드씨큐리티에 전화로 문의하니 자기네 홈페이지에 있는 프로그램으로 메모리 로우레벨 포멧하랍니다(GPS 안되는 거랑 메모리하고 상관이 있나는 의문이 들었지만) 하라는 대로 했어도 gps가 되다 안되다(녹화영상 확인) 해서 할 수 없이 상담 전화후 메모리를 포함해서 월드씨큐리티 본사로 AS 보냈습니다
근데 분명 메모리에 녹화된 화면에서 GPS가 제대로 작동되지 않는것 확인했을텐데 회사에서 확인하니 지금은 GPS가 이상없이 작동한답니다 그러면서 메모리가 문제일지 모른다면서 소모성(6개월)이 지났기 때문에 자기네는 책임이 없다고 하면서 자기네도 로우레벨 포멧후 메모리상태를 체크하니 이상은 없으나 속도가 타사 메모리보다 늦답니다 (이글아이 샀을때 껴있던거라고 이야기하자 더이상...!) 그리고 GPS작동과 메모리가 무슨 상관이 있나고 물으니 상관은 없다고 인정합니다 
그러면 녹화된 영상에서 GPS가 작동안하는 화면 확인했으니 본체만이라도 새제품으로 교환해 달라고 하니 자기네 방침상 리퍼로만 바꿔준답니다 (거기가 애플이냐고 묻자 얼거무리네요..그러면서 대부분의 블랙박스 업체가 다 그런답니다)
어이가 없어서 당신들 좋을데로 하세요 했습니다
더 열받는 건 제품을 보낸지 보름이 넘었는데 물건이 안와서 전화를 거니 그때서야 보내주겠답니다
월드씨큐리티 홈페이지 가보세요 허접합니다 물건도 허접하고 고객에 대한 마인드도 없는 회사네요";"negative"
109;"네비인사이드";"SUV 장착시 야간 영상에서 앞차 번호판 인식 불가(자동 조도 미작동)";"최근 공구한 아이트로닉스 1TB-100HD를 SUV차량에 장착했습니다.
야간에 근접 으로 앞차에 붙으면 헤드라이트 불빛이 번호판에 반사되어 하얗게 되어 전혀 번호판을 볼 수 없습니다.
조도을 변경하는 메뉴도 보통,밝게 밖에 없네요.
고객센터에서는 헤드라이트 높이가 높아서 그렇다는데 그럼 SUV같은 차량은 야간에 안된다고 표시를 해야하는것 아닌가요?
아무튼 회원님들은 야간에 조도를 자동으로 처리할 수 있는 블랙박스를 꼭 사시기를 바랍니다.
사기전에 제조사에 이런이런 차종에 야간에 문제 없는지 꼭 물어 보고 사시기 바랍니다.
아무튼 비싼돈 주고 쌌는데 야간엔 기능이 50%밖에 안된다니 아쉽네요..
다시 중고로 팔고 (일반 승용차는 된다고 하니까요) 다른 블랙박스를 알아봐야겠습니다.";"negative"
110;"네비인사이드";"정기적으로 포멧을해야 한다는...아몬";"아몬 M7하고 모비스HDR-1300을 사용하고 있는데
아몬은 10개월정도 사용하면 먹통이 되어 AS를 두번이나 받았는데...
6개월에 한번 포멧을하라 하네요
모비스는 벌써 3년이나 사용했는데 전혀 그런것 안해도 잘유지가 되는데...
아몬은 정말 뭔가 이해가 안되네요
너무 불편하군요.";"negative"
111;"네비인사이드";"증거 자료로도 사용할 수 없는 블박영상";"불법 유턴 때문에 사고 날뻔한 차량을 경찰청 민원으로 신고를 해도 번호판을 제대로 인식할 수 없다는 이유로

신고가 반려되었습니다.

경찰청에서는 첨부 파일로 10MB 만 허용하기 때문에 평균 20MB인 영상 파일을 편집해야만 했었는데

무비메이커 등 편집 프로그램에서는 오류가 나면서 인식 조차 못해서 결국 1초당 10컷의 속도로 캡처를 해서 

그 중 가장 선명한 사진을 첨부했는데도 번호판 한글자가 불 분명해서 인정을 받질 못햇는데 만약 사고 도주차량

이였다거나 기타 뺑소니 차량에 관한 사건이었다면 정말 억울하겠다는 생각이 듭니다.

이런 억울함이나 불편함을 덜고자 믿고 구매한 제품인데도 정작 필요할 땐 도움이 되질 못한다고 하니 불만이

생기지 않을 수 없겠습니다.

문제는 이 일로 아이로드 고객센터에 문의를 했는데 제품에는 문제가 없고 2년동안 잘 쓰다 왜 이제와서 불만을

제기하냐는 반문을 듣게되니 더 어이가 없네요. 어차피 개선될 가능성이 희박하지만 최소한 안타까움의 표시로

고객의 마음을 좀 달래 주기라도 했으면 덜 속이 상했을 텐데 자기 회사 제품을 구매한 고객을 찬밥 취급한

그 분 서비스 정신은 영 엉망이었습니다.

평소에도 제대로 작동은 하는 지 늘 불안하고, 가끔 확인해 보면 늘 몇주 전 영상만 남아있고 그래서 정기적으로

포맷해야하는 불편과 불신을 갖고 있었는데 이번 기회에 제대로 된 다른 제품으로 교체를 해야겠단 생각이 듭니다.

혹시 괜찮은 제품 있으면 추천부탁 드립니다.";"negative"
112;"네비인사이드";"블랙박스 믿었다 차량 사고 덤터기";"블랙박스 믿었다 차량 사고 덤터기

사고가 나서 블랙박스 영상을 보니 사고에 대한 어떤 기록도 남아있지 않았다고 하네요...

기사 : ";"negative"
113;"네비인사이드";"사고순간 먹통된 블랙박스는 바로..";"관련 게시물() 에 해당하는 블랙박스는..

KT로지스의 세이프박스 SB-K1입니다.
아직도 판매중이며 그 홍보내용은 이렇습니다.






- 23만원에,
- 640*480 해상도의 HD급이며,
- 국내/해외에서 인정받은 세계적인 브랜드랍니다.

앞으로 체험단의 미션에 꼭 추가해야 할 내용이 있군요.
";"negative"
114;"네비인사이드";"블랙박스.. 사고순간 먹통 (MBC 9시 뉴스)";"얼마 전에 내비게이션 지니맵이 끊긴 길로 안내한다고 혼나더니
MBC [현장M출동] 내비게이션 끊긴길 안내, 승용차 추락 - 클릭
.
.


이번에는 정작 사고순간 녹화가 되지않는 차량용 블랙박스가 아직도 있다고 합니다..
사고순간 먹통 - 클릭



";"negative"
115;"네비인사이드";"블랙 클레어 주차모드 자동전환 안되나요..?";"여러분은 어떻게 생각 하시는지요..???

블랙 클레어 와 상시전원 케이블도 구입하여 설치를 하였습니다.

블랙박스의 기능설명에 상시기능과 주차기능등이 있다하여 상시전원 케이블을 설치 하게 되었습니다.

그런데.. 이런...제가 잘못 생각 한걸까요..??

전 주행중엔 촬영이 되고 주차가 되면 자동으로 주차모드 기능이 되어 움직임이 있거나 충격이 있으면 촬영이 

되겠지 생각 하였습니다.

그런데 블랙 클래어는 이런 기능을 수동으로 계속 해 줘야 하는 겁니다. 이거 너무 불편하지 않을까요..??

메모리를 32G로 한들 2~3일 주차를 해 두면 기존것이 모두 삭제가 되어 버리는 것이죠...!!

예로 32G로하고 상시전원을 해 두었는데.. 큰 사고가 났습니다. 그런데 정신을 일어 병원이 입원하게 되었고...

이틀후 깨어 보니 블랙박스는 주차모드로 전환을 해 주지 않아서 그냥 주차 되어 있는 영상으로 모두 뭉개져 버린다면.

.. 이게 블랙박스의 기능이라 할 수 있을 까요..?

상시모드에서 주차를 하게 되면 자동으로 주차모두가 되어야 하는 기능...!!

여러분들 어떻게 생각 하시는지요...? 
블랙박스들의 기능은 소비자를 위한 기능으로 되어 있어야 하지 않을까요..?";"negative"
116;"네비인사이드";"지정대리점마져";"재가 아이나비 클레어를 3월 말에 구매하였습니다 그리고 상시전원케이블 출시로 아이나비 몰에 상시 전원케이블이 있는걸보고 구매하려고 하다 하단에 지정대리점에서도 장착구매가 가능함을 보고 집근처에 매장으로 전화확인해서 내방장착을 하였습니다
뭐 저번달말 아이나비에서 메일로 상시전원 케이블 관련하여메일이 와서 출력후 조정해야지 조정해야지 하다 어제저녁 마트에갔다 차를 뜯을 일이있어서 같이 하자 하는 순간 진짜 간단하게 씨*이라는 소리가 나옵니다 재가 장착을안한거니 상시전원 박스가 어디붙어있는지 못찾다 케이블 따라가니 케이블 뭉치하고 인터넷 쇼핑몰에서 8000원에 판매되는 상시케이블이 튀어나오더군요 아 즉시할인 뭐시기해서 80원할인 되고 택배비 주면 만원돈 되네요 근데 그걸 장착비 2만원 받고 케이블값25000원 받고 지정대리점에서 결제 했는데아이나비에서 상시 케이블 메일 조정에대한것 안왔으면 탈착할때까지 아예 모르고 있었을겁니다 ";"negative"
117;"네비인사이드";"아몬 블박...이어서 씁니다.^^";"수리비가 너무 나와서 그냥 루카스 HK5900을 구매했어요....

그리고 SIV S7은 그냥 보내주라고 했구요...

다시 와서 5900장착하면서 확인해보니... 상시전원이 문제였네요...

상시전원을 친척동생이 설치해줬는데 타임으로 48시간이 되면 끊어지게 해놓은거 였어요...

그래서 제가 가지고 다니면서 시험운행 해보니 이상없이 녹화 잘 되더라고요...

하지만 렌즈쪽 문제인지 화질이 너무 않좋더라고요....

그래서 다시 아몬에 문의 해봤더니........ 화질문제 수리는 5만원이라고 하더라고요....

그냥 버리기로 마음 먹고.....

오늘 아버지 어머니 차에 달아드릴 p200 시즌2 두개 구매했습니다.

가격대비 성능이 우수하다고 해서요...

블박은 선택이 아닌 필수니깐요........

아몬.... AS기간 지나니..무서워요...

ps.직원분중에 현대꺼 블박(한3년전에 구매했다고 한듯..)을 이번에 확인해보니 영상이 몇달전부터 녹화가 안되어 있어서 홈페이지에 글을 남겼더니.. 새걸로 보내줬다고 하더라고요..
이말을 듣고 많이 부럽더라는.^^";"negative"
118;"네비인사이드";"아몬 블랙박스 AS비용이 구매비용 나오네요.ㅡㅡ";"왠지 요즘 블박이 이상한거 같아서 (달아놓고 한번도 확인을 못했답니다. 믿고만 다녔죠.)

떼어다가 (아몬 SIV-S7 4GB  라서 메모리 내장형입니다.) 집에서 확인해보니. 화질도 저질이고 녹화가 거의 안되있는겁니다.(몇달전꺼 )

상시전원 쓰는지라 맘놓고 다녔었는데. 혹시나 사고라도 났으면 큰일날뻔 했죠.

AS를 보냈더니 1년 넘었으면 수리비가 7만5천원이랍니다.

메모리가 나가서 메모리를 교체해야한답니다.
(아몬 SIV 구매한 이유가 메모리가 내장형이라서 저장오류가 없다고 해서 샀는데 완젼히 거기에 당한거죠.^^ )

담당자는 절대 수리비 할인은 없고 무조건 7만5천원내거나 아니면 알아서 다시 가져가라는 식이니.... 답답하네요.

네이버에 검색해보니 SIV-S7 사용자들이 저와같은 현상이 아주 빈번하게 일어나고 있더라고요.

아무튼 물건 사면 1년되기 한두달 전에 다들 확인한번씩 해봐야 될거 같습니다. 어떤물건이던지 마찬가지인거 같아요.

영수증만 1년 안넘었다면 무상수리 된다는데 영수증을 구할길도 없고 답답하네요.^^

여튼간 아몬은 이제 절대 구매 안할거고... 주변에 블박 구매하려는 분들께도 절대 권하지 말아야 겠어요.
(다른부분이 고장났다면 이해가 되는데 내장메모리를 강조했는데 그게 문제니 더 화가나서요.)

혹시 1년 안넘은 영수증 있으신분은 도움 주시면 정말 감사하겠습니다.

괜찮은 제품 추천도 해주시고요......아몬꺼 말구요.^^";"negative"
119;"네비인사이드";"화각수정 요청에 대한 업체들의 반응";"화각표현에 있어서 이해하기 힘든 부분에 대해 수정, 혹은 기준을 마련해 주십사하고 두 개의 업체(하니웰과 루카스)에게 요청했었습니다.

그 이후의 반응입니다.
.
.

[하니웰]
수정하겠다고 한 지 한 달이 다 되었는데도 아직입니다.





.
.
.
.


[루카스]

.
.


2년여전에 루카스 김사장님을 직접 뵙고 블랙박스 시장 현황과 개발 애로사항에 관해 얘기를 나눈 적이 있습니다.
조용조용 무척 겸손하면서도 솔직하시다는 깊은 첫인상을 남기셨는데... 여전하십니다.

거짓없이 털어놓는 자료와 함께 즉시 수정하는 모습에
실제고객 뿐만 아니라 대잠재고객에 대해서도 끝까지 책임지겠다는 경영mind가 충분히 읽혀집니다.";"negative"
120;"네비인사이드";"[re] 화각수정 요청에 대한 업체들의 반응....하니웰은";">
화각표현에 있어서 이해하기 힘든 부분에 대해 수정, 혹은 기준을 마련해 주십사하고 두 개의 업체(하니웰과 루카스)에게 요청했었습니다.

그 이후의 반응입니다.
.
.

[하니웰]
수정하겠다고 한 지 한 달이 다 되었는데도 아직입니다.





.
.
.
.


[루카스]

.
.


2년여전에 루카스 김사장님을 직접 뵙고 블랙박스 시장 현황과 개발 애로사항에 관해 얘기를 나눈 적이 있습니다.
조용조용 무척 겸손하면서도 솔직하시다는 깊은 첫인상을 남기셨는데... 여전하십니다.

거짓없이 털어놓는 자료와 함께 즉시 수정하는 모습에
실제고객 뿐만 아니라 대잠재고객에 대해서도 끝까지 책임지겠다는 경영mind가 충분히 읽혀집니다.




주의사항으로 렌즈화각과 실제영상 화각이 차이가 있다고 표시하는 것이 추가가 되었습니다..

다만 홈페이지의 상세스팩은 변경이 안되었는데,...외국계기업이라 외국 본사의 승인이 있어야 한다고..";"negative"
